ID;level;ricefwType;title;whatItMeans;beginnerAnalogy;toolsUsed;exampleReport;whyReasoning;description;technology;upgradeComplexity;maintenanceEffort;cloudReadiness;technicalRisk
e6b65a11-6909-4326-be36-8a0c3b5cd120;A;R;Level A - Cleanest;Use released APIs only;Using Excel built-in functions;Released CDS Views OData V4 RAP BTP;PO Report via Fiori Elements;Fully upgrade-safe;Uses released interfaces only;Released CDS OData RAP BTP;Low;Low;100%;Very Low
8c2c9932-bea1-4c74-8df2-f74ea5082b5f;B;R;Level B - Classic;Use classic APIs like BAPI RFC;Using older COM add-ins;BAPI RFC modules ALV reports;PO Details Report ALV;Moderate upgrade risk;Uses classic stable APIs;BAPI RFC Function Module;Medium;Medium;60%;Medium
d08f5aa4-9f19-4be7-8351-caa3edbd6cfc;C;R;Level C - Risky;Read SAP internal tables directly;Reading system files;Z-programs SELECT statements;Custom PO Report;High upgrade risk;Direct table access not exposed;Direct table reads;High;High;20%;High
ad79a495-a43a-4279-b03e-0bfdcbdbf947;D;R;Level D - No;Modify SAP standard code;Rewriting system files;Modified reports;Modified Standard Report;Blocks upgrades;Direct modifications;Modifications to standard;Very High;Very High;0%;Very High
9c23aeb7-11d7-428e-abb1-caf28347999d;A;I;Level A - Cleanest;Use released OData Business Events BTP;Using official plugins;BTP Integration Suite iFlows Event Mesh;Business Partner Sync API;Fully upgrade-safe;Released APIs OData Business Events;Event-Driven Released API;Low;Low;100%;Very Low
60837a3e-05ac-4333-ac65-7f9217a0afe0;B;I;Level B - Classic;Use IDocs BAPI RFC;Using older protocols;IDocs BAPI RFC SOAP;PO Inbound Interface;Moderate upgrade risk;Uses classic APIs;Classic Middleware;Medium;Medium;50%;Medium
8b5b94ca-36c9-4412-8caf-d653c2011386;C;I;Level C - Risky;File-based or table writes;Copying files to folders;Z-programs CSV XML;File-based Stock Load;High upgrade risk;File interfaces or direct writes;File Direct Table Write;High;High;10%;High
cfd070dd-ea6e-4a65-a6b6-57b141345bdf;D;I;Level D - No;Modify IDocs BAPI code;Rewriting network drivers;Modified IDocs;Modified IDoc Type;Blocks upgrades;Modifications to interfaces;Modifications;Very High;Very High;0%;Very High
259ffa18-7d25-4051-8593-bb2f8668810f;A;C;Level A - Cleanest;Use Migration Cockpit;Using Windows migration wizard;Migration Cockpit Fiori;Material Master Load;Fully upgrade-safe;Released standard tools;SAP Standard Tools;Low;Low;100%;Very Low
04bfb312-9dd6-4e55-a438-8ccc621dea7c;B;C;Level B - Classic;Use BAPI RFC batch;Using older import wizards;BAPI LSMW eCATT;AR Open Items Load;Moderate upgrade risk;Classic APIs;Classic APIs;Medium;Medium;60%;Medium
8dea9929-2e0c-41b3-8aa9-b1752fa66899;C;C;Level C - Risky;Direct table writes;Copying files manually;Z-programs BDC;Inventory Balances Load;High upgrade risk;Direct table writes;Direct Table Write;High;High;20%;High
78eca4ca-ab2e-4e1f-9167-687a426406ac;D;C;Level D - No;Modify posting FMs;Patching system files;Modified FMs;Modified BAPI;Blocks upgrades;Modifications;Modifications;Very High;Very High;0%;Very High
4a54eee5-d4f0-481a-bcda-054c19e7aa2f;A;E;Level A - Cleanest;Use released extension points;Using Microsoft plugins;Key User Tools BADI RAP;PO Approval Enhancement;Fully upgrade-safe;Released APIs;Released APIs Key User;Low;Low;100%;Very Low
fd48b2cb-f36f-49d0-92ce-2cd9adaffeb6;B;E;Level B - Classic;Use classic BADI exits;Using older macros;Classic BADI Exits;Vendor Validation;Moderate upgrade risk;Classic APIs;Classic APIs;Medium;Medium;50%;Medium
1be11f8e-9834-4da9-a8f9-d9d48874510b;C;E;Level C - Risky;Use implicit enhancements;Injecting code into DLLs;Implicit Enhancements;ME21N Enhancement;Not upgrade-safe;Internal Implicit;Internal Implicit;High;High;20%;High
e6befa6d-7ffb-4362-af6d-32ccbf5ac992;D;E;Level D - No;Modify SAP code;Rewriting system files;Modified programs;Modified Standard Program;Blocks upgrades;Modifications;Modifications;Very High;Very High;0%;Very High
e1caa174-99e9-4e6d-8a0e-173557c5bb7d;A;F;Level A - Cleanest;Use released APIs Output Management;Using Word templates;Output Management Adobe CDS;PO Print Form;Fully upgrade-safe;Released CDS OData Output;Released CDS OData Output;Low;Low;100%;Very Low
2da02dad-ba40-4591-a5c6-9975e762c8b6;B;F;Level B - Classic;Use classic BAPI RFC;Using older components;SmartForms BAPI RFC;PO Print SmartForm;Moderate upgrade risk;Classic APIs;Classic APIs;Medium;Medium;60%;Medium
1c5d0311-8067-4f1d-a18f-e78d71fd7f2e;C;F;Level C - Risky;Direct table reads;Reading system files;SmartForms SELECT;Z-PO Print;Not upgrade-safe;Direct table reads;Direct table reads internal;High;High;20%;High
bdc1c437-7957-450b-bb79-119ebfe21af4;D;F;Level D - No;Modify forms;Patching executables;Modified forms;Modified Standard Form;Blocks upgrades;Modifications;Modifications;Very High;Very High;0%;Very High
4b844c9d-2cf6-4fa8-8866-4dc2c9f4555a;A;W;Level A - Cleanest;Use Flexible Workflow;Using Power Automate;Flexible Workflow SBPA;PO Approval Workflow;Upgrade-safe;Released events APIs;Released events APIs configuration;Low;Low;100%;Very Low
fea2a60e-73f6-4097-9c96-c96da7a37001;B;W;Level B - Classic;Use classic SAP Workflow;Using Task Scheduler;Classic Workflow WS BOR;Invoice Approval;Moderate upgrade risk;Classic workflow engine;Classic workflow engine;Medium;Medium;50%;Medium
0490466d-a2ee-400c-8fdc-b5ccad6e3ef9;C;W;Level C - Risky;Use internal tables;Modifying registry;Z-workflows internal;PO Release Workflow;Not upgrade-safe;Internal objects;Internal objects custom orchestration;High;High;20%;High
c190eeae-8736-4e78-82fa-65c525c486e4;D;W;Level D - No;Modify workflow engine;Patching Windows services;Modified workflows;Modified Workflow;Blocks upgrades;Modifications;Modifications;Very High;Very High;0%;Very High